origen,destino,peso,tipo
Maria,Ana,895.3,Cliente
Empresa B,Empresa D,570.9,Empresa
Empresa C,Pedro,685.33,Empresa
Pedro,Empresa B,876.03,Cliente
Empresa C,Pedro,849.4,Empresa
Ana,Empresa E,13.0,Cliente
Juan,Empresa D,794.41,Cliente
Empresa D,Empresa D,355.81,Empresa
Empresa C,Empresa A,480.36,Empresa
Luis,Pedro,454.88,Cliente
Luis,Juan,219.28,Cliente
Ana,Ana,597.72,Cliente
Empresa D,Empresa A,160.24,Empresa
Pedro,Empresa D,768.78,Cliente
Empresa B,Maria,307.93,Empresa
Empresa E,Juan,947.74,Empresa
Empresa E,Ana,944.28,Empresa
Luis,Empresa A,484.52,Cliente
Pedro,Juan,867.91,Cliente
Luis,Empresa E,574.45,Cliente
Juan,Empresa A,837.2,Cliente
Ana,Empresa C,391.97,Cliente
Ana,Empresa A,631.38,Cliente
Empresa A,Empresa A,941.31,Empresa
Luis,Juan,594.93,Cliente
Ana,Empresa E,800.46,Cliente
Empresa C,Pedro,483.26,Empresa
Empresa A,Luis,335.26,Empresa
Juan,Empresa C,726.15,Cliente
Maria,Empresa D,479.92,Cliente
Ana,Maria,232.99,Cliente
Maria,Pedro,781.98,Cliente
Empresa B,Pedro,324.54,Empresa
Luis,Pedro,736.87,Cliente
Juan,Empresa C,456.58,Cliente
Pedro,Empresa A,743.93,Cliente
Empresa B,Empresa E,518.6,Empresa
Empresa C,Empresa A,359.34,Empresa
Luis,Empresa B,17.43,Cliente
Pedro,Empresa E,638.25,Cliente
Empresa C,Luis,319.53,Empresa
Empresa B,Empresa D,444.38,Empresa
Empresa C,Empresa B,724.23,Empresa
Juan,Empresa B,839.1,Cliente
Empresa B,Empresa D,989.96,Empresa
Empresa D,Empresa A,456.01,Empresa
Empresa D,Empresa A,996.87,Empresa
Empresa D,Maria,541.64,Empresa
Ana,Empresa A,243.91,Cliente
Juan,Empresa A,568.88,Cliente
Ana,Pedro,827.6,Cliente
Empresa B,Luis,914.97,Empresa
Empresa D,Luis,580.65,Empresa
Luis,Empresa B,272.11,Cliente
Juan,Juan,819.27,Cliente
Empresa E,Juan,313.73,Empresa
Empresa B,Empresa B,321.04,Empresa
Luis,Ana,518.92,Cliente
Juan,Luis,261.37,Cliente
Maria,Empresa E,148.19,Cliente
Maria,Empresa E,562.22,Cliente
Empresa B,Empresa B,153.16,Empresa
Luis,Pedro,955.49,Cliente
Pedro,Ana,510.62,Cliente
Empresa E,Luis,539.29,Empresa
Pedro,Maria,113.34,Cliente
Empresa D,Luis,380.62,Empresa
Empresa E,Empresa E,820.39,Empresa
Maria,Empresa C,171.34,Cliente
Juan,Empresa D,591.19,Cliente
Empresa A,Luis,370.14,Empresa
Empresa C,Empresa A,814.21,Empresa
Juan,Maria,309.69,Cliente
Maria,Empresa E,434.97,Cliente
Maria,Maria,888.14,Cliente
Empresa B,Empresa D,765.5,Empresa
Pedro,Ana,71.25,Cliente
Empresa A,Pedro,349.43,Empresa
Empresa A,Luis,565.73,Empresa
Empresa B,Maria,634.09,Empresa
Empresa D,Ana,661.18,Empresa
Empresa E,Empresa C,271.74,Empresa
Ana,Empresa E,833.28,Cliente
Maria,Luis,803.06,Cliente
Maria,Pedro,703.58,Cliente
Luis,Empresa C,462.0,Cliente
Empresa C,Pedro,956.44,Empresa
Empresa B,Ana,932.75,Empresa
Empresa A,Empresa D,200.2,Empresa
Empresa E,Pedro,560.63,Empresa
Juan,Luis,637.86,Cliente
Maria,Maria,813.68,Cliente
Maria,Maria,87.53,Cliente
Empresa B,Pedro,458.15,Empresa
Empresa A,Empresa C,689.35,Empresa
Empresa D,Empresa C,376.87,Empresa
Empresa A,Luis,457.85,Empresa
Empresa C,Ana,179.11,Empresa
Empresa C,Empresa E,240.25,Empresa
Empresa B,Ana,48.15,Empresa
Luis,Empresa E,19.89,Cliente
Luis,Maria,201.44,Cliente
Luis,Pedro,254.27,Cliente
Empresa A,Empresa D,371.19,Empresa
Maria,Ana,690.2,Cliente
Empresa B,Empresa A,225.88,Empresa
Empresa A,Empresa E,665.23,Empresa
Empresa C,Ana,59.63,Empresa
Luis,Empresa B,253.61,Cliente
Empresa C,Luis,881.8,Empresa
Juan,Empresa C,556.14,Cliente
Empresa D,Pedro,252.74,Empresa
Empresa B,Luis,106.99,Empresa
Pedro,Maria,797.43,Cliente
Empresa D,Empresa D,574.4,Empresa
Ana,Juan,574.49,Cliente
Empresa C,Empresa B,169.03,Empresa
Empresa B,Juan,180.04,Empresa
Empresa C,Empresa C,33.47,Empresa
Maria,Juan,791.34,Cliente
Pedro,Empresa A,74.62,Cliente
Empresa E,Empresa A,555.97,Empresa
Pedro,Empresa E,843.95,Cliente
Luis,Pedro,570.61,Cliente
Ana,Ana,858.33,Cliente
Empresa A,Empresa D,550.68,Empresa
Juan,Empresa B,106.34,Cliente
Empresa E,Empresa B,44.52,Empresa
Juan,Juan,118.33,Cliente
Luis,Juan,786.48,Cliente
Juan,Empresa B,980.39,Cliente
Juan,Empresa B,687.88,Cliente
Pedro,Empresa D,179.22,Cliente
Juan,Ana,643.33,Cliente
Juan,Empresa B,718.52,Cliente
Luis,Empresa E,863.62,Cliente
Empresa C,Empresa C,480.54,Empresa
Empresa C,Maria,290.27,Empresa
Pedro,Maria,262.86,Cliente
Pedro,Empresa B,297.92,Cliente
Luis,Luis,797.44,Cliente
Pedro,Empresa A,7.48,Cliente
Empresa A,Maria,564.01,Empresa
Empresa A,Juan,417.31,Empresa
Empresa B,Empresa E,127.53,Empresa
Empresa E,Empresa C,346.09,Empresa
Empresa D,Empresa E,488.91,Empresa
Maria,Empresa C,108.23,Cliente
Empresa E,Juan,770.09,Empresa
Juan,Empresa A,393.69,Cliente
Empresa D,Empresa D,342.05,Empresa
Luis,Empresa C,461.01,Cliente
Empresa B,Empresa D,74.47,Empresa
Empresa D,Maria,754.21,Empresa
Empresa B,Empresa C,901.45,Empresa
Empresa C,Luis,264.55,Empresa
Empresa A,Ana,651.65,Empresa
Empresa C,Maria,365.45,Empresa
Pedro,Empresa B,104.65,Cliente
Empresa A,Juan,939.02,Empresa
Maria,Luis,148.08,Cliente
Empresa D,Empresa D,807.3,Empresa
Empresa E,Empresa C,30.73,Empresa
Pedro,Pedro,354.71,Cliente
Empresa A,Empresa E,996.35,Empresa
Empresa C,Ana,116.37,Empresa
Empresa C,Juan,299.41,Empresa
Juan,Ana,428.18,Cliente
Empresa C,Empresa C,118.02,Empresa
Pedro,Empresa E,83.37,Cliente
Pedro,Empresa C,28.63,Cliente
Empresa A,Empresa E,531.04,Empresa
Maria,Empresa A,505.09,Cliente
Empresa D,Juan,554.8,Empresa
Empresa E,Empresa E,843.38,Empresa
Ana,Maria,262.9,Cliente
Juan,Luis,496.25,Cliente
Empresa E,Empresa B,464.36,Empresa
Juan,Empresa B,308.15,Cliente
Empresa D,Empresa C,976.28,Empresa
Empresa C,Empresa A,186.68,Empresa
Empresa D,Empresa D,535.98,Empresa
Empresa B,Empresa E,911.72,Empresa
Empresa B,Juan,335.74,Empresa
Luis,Luis,716.53,Cliente
Maria,Empresa B,361.99,Cliente
Juan,Empresa D,479.61,Cliente
Empresa A,Empresa B,579.15,Empresa
Ana,Luis,860.26,Cliente
Luis,Empresa C,5.76,Cliente
Empresa D,Empresa A,328.11,Empresa
Empresa E,Juan,397.56,Empresa
Empresa C,Empresa B,209.6,Empresa
Empresa A,Empresa D,322.18,Empresa
Pedro,Juan,648.33,Cliente
Juan,Empresa C,365.24,Cliente
Ana,Empresa B,285.66,Cliente
Empresa C,Ana,45.17,Empresa
Ana,Juan,959.31,Cliente
Empresa B,Empresa E,602.6,Empresa
Empresa A,Empresa C,807.97,Empresa
Maria,Empresa B,690.89,Cliente
Pedro,Empresa B,274.46,Cliente
Maria,Empresa D,458.47,Cliente
Empresa B,Maria,645.59,Empresa
Empresa E,Luis,698.52,Empresa
Empresa C,Empresa E,465.85,Empresa
Empresa A,Pedro,509.62,Empresa
Empresa B,Empresa D,727.82,Empresa
Ana,Empresa A,855.68,Cliente
Luis,Maria,415.79,Cliente
Pedro,Ana,534.87,Cliente
Empresa C,Empresa B,874.18,Empresa
Pedro,Juan,794.54,Cliente
Luis,Luis,685.36,Cliente
Pedro,Empresa A,301.45,Cliente
Juan,Empresa E,326.97,Cliente
Empresa A,Empresa D,779.81,Empresa
Juan,Maria,819.86,Cliente
Empresa A,Luis,915.36,Empresa
Empresa B,Pedro,170.86,Empresa
Empresa C,Maria,531.19,Empresa
Ana,Empresa B,410.35,Cliente
Empresa B,Empresa C,477.18,Empresa
Luis,Juan,712.42,Cliente
Juan,Empresa A,995.95,Cliente
Juan,Pedro,854.31,Cliente
Juan,Empresa E,288.21,Cliente
Empresa D,Luis,826.83,Empresa
Empresa D,Juan,362.18,Empresa
Maria,Maria,559.13,Cliente
Luis,Empresa B,379.11,Cliente
Empresa E,Maria,819.19,Empresa
Pedro,Empresa E,377.69,Cliente
Maria,Pedro,756.34,Cliente
Pedro,Empresa D,914.43,Cliente
Empresa B,Empresa C,270.31,Empresa
Empresa B,Empresa E,904.44,Empresa
Juan,Empresa E,445.86,Cliente
Luis,Empresa E,142.45,Cliente
Empresa C,Juan,579.28,Empresa
Empresa C,Ana,874.98,Empresa
Empresa C,Juan,205.95,Empresa
Juan,Luis,469.03,Cliente
Empresa C,Maria,82.55,Empresa
Luis,Juan,739.59,Cliente
Empresa D,Empresa A,555.92,Empresa
Empresa B,Ana,875.18,Empresa
Pedro,Empresa D,434.18,Cliente
Juan,Empresa E,976.23,Cliente
Empresa A,Ana,334.21,Empresa
Maria,Ana,30.72,Cliente
Maria,Ana,382.25,Cliente
Ana,Empresa A,280.71,Cliente
Juan,Ana,512.47,Cliente
Empresa C,Empresa C,532.08,Empresa
Empresa D,Pedro,920.89,Empresa
Empresa D,Empresa A,953.86,Empresa
Empresa D,Empresa C,795.79,Empresa
Juan,Empresa C,156.72,Cliente
Luis,Empresa E,24.87,Cliente
Empresa C,Ana,519.63,Empresa
Maria,Empresa B,303.44,Cliente
Ana,Empresa A,472.06,Cliente
Empresa C,Ana,794.34,Empresa
Empresa B,Empresa D,411.61,Empresa
Empresa D,Empresa E,879.67,Empresa
Ana,Maria,7.51,Cliente
Empresa C,Empresa B,742.81,Empresa
Luis,Empresa A,64.07,Cliente
Empresa A,Maria,888.47,Empresa
Ana,Empresa C,357.62,Cliente
Maria,Empresa E,193.33,Cliente
Luis,Empresa A,101.2,Cliente
Pedro,Maria,696.89,Cliente
Luis,Empresa E,605.86,Cliente
Juan,Maria,254.02,Cliente
Empresa B,Empresa E,149.27,Empresa
Empresa E,Empresa E,864.42,Empresa
Maria,Juan,676.24,Cliente
Empresa B,Juan,678.97,Empresa
Ana,Empresa D,469.73,Cliente
Empresa C,Empresa E,837.39,Empresa
Luis,Empresa E,79.19,Cliente
Empresa C,Maria,285.23,Empresa
Luis,Luis,206.11,Cliente
Pedro,Juan,706.17,Cliente
Luis,Juan,296.97,Cliente
Empresa C,Empresa D,68.05,Empresa
Juan,Empresa A,736.37,Cliente
Empresa E,Empresa B,400.14,Empresa
Maria,Pedro,354.97,Cliente
Pedro,Juan,358.89,Cliente
Empresa C,Empresa B,274.23,Empresa
Pedro,Empresa B,221.33,Cliente
Juan,Juan,895.23,Cliente
Empresa E,Empresa E,253.66,Empresa
Empresa C,Maria,414.3,Empresa
Ana,Maria,44.11,Cliente
Empresa E,Juan,764.0,Empresa
Empresa A,Pedro,39.11,Empresa
Maria,Luis,368.03,Cliente
Empresa C,Empresa A,70.69,Empresa
Maria,Juan,326.37,Cliente
Empresa C,Empresa C,368.08,Empresa
Maria,Luis,430.24,Cliente
Empresa B,Empresa A,778.82,Empresa
Pedro,Empresa A,447.51,Cliente
Empresa D,Juan,984.29,Empresa
Empresa E,Ana,193.18,Empresa
Juan,Empresa B,87.48,Cliente
Juan,Empresa B,211.81,Cliente
Empresa E,Empresa C,245.64,Empresa
Ana,Pedro,268.52,Cliente
Ana,Ana,30.8,Cliente
Maria,Empresa D,804.3,Cliente
Juan,Empresa B,973.7,Cliente
Ana,Luis,575.57,Cliente
Juan,Juan,507.01,Cliente
Empresa A,Empresa B,937.88,Empresa
Empresa C,Ana,535.9,Empresa
Pedro,Pedro,88.7,Cliente
Empresa B,Empresa A,776.12,Empresa
Empresa A,Luis,594.48,Empresa
Luis,Ana,61.43,Cliente
Empresa B,Empresa A,999.9,Empresa
Ana,Juan,545.31,Cliente
Empresa E,Empresa D,881.72,Empresa
Luis,Empresa A,253.45,Cliente
Luis,Empresa B,411.04,Cliente
Empresa B,Empresa C,337.25,Empresa
Maria,Empresa C,788.13,Cliente
Empresa C,Empresa B,913.34,Empresa
Empresa A,Empresa D,591.25,Empresa
Juan,Empresa D,488.53,Cliente
Empresa A,Luis,17.81,Empresa
Ana,Luis,308.78,Cliente
Empresa A,Pedro,266.25,Empresa
Pedro,Ana,318.37,Cliente
Juan,Luis,733.71,Cliente
Juan,Maria,855.83,Cliente
Juan,Empresa E,99.15,Cliente
Empresa B,Empresa E,842.37,Empresa
Empresa C,Maria,983.57,Empresa
Empresa D,Luis,317.18,Empresa
Luis,Maria,112.16,Cliente
Empresa A,Luis,146.93,Empresa
Empresa C,Empresa B,103.08,Empresa
Luis,Maria,245.61,Cliente
Pedro,Empresa A,413.41,Cliente
Pedro,Pedro,747.14,Cliente
Maria,Juan,94.76,Cliente
Juan,Empresa E,412.32,Cliente
Maria,Maria,683.72,Cliente
Juan,Pedro,525.25,Cliente
Pedro,Empresa A,120.1,Cliente
Juan,Pedro,735.61,Cliente
Juan,Luis,535.24,Cliente
Empresa D,Empresa B,435.29,Empresa
Empresa C,Juan,207.95,Empresa
Juan,Maria,234.64,Cliente
Juan,Empresa A,59.28,Cliente
Maria,Empresa B,181.45,Cliente
Maria,Empresa B,928.05,Cliente
Juan,Empresa A,135.61,Cliente
Empresa B,Maria,44.59,Empresa
Empresa D,Empresa E,688.92,Empresa
Luis,Empresa B,349.41,Cliente
Juan,Pedro,619.02,Cliente
Empresa E,Empresa B,962.0,Empresa
Empresa B,Ana,242.49,Empresa
Pedro,Juan,70.93,Cliente
Empresa A,Luis,980.2,Empresa
Empresa E,Pedro,483.23,Empresa
Maria,Empresa B,567.92,Cliente
Pedro,Luis,823.52,Cliente
Empresa E,Pedro,807.91,Empresa
Empresa D,Empresa C,910.84,Empresa
Empresa D,Empresa A,920.74,Empresa
Pedro,Juan,309.8,Cliente
Juan,Pedro,145.6,Cliente
Ana,Empresa E,294.0,Cliente
Maria,Luis,823.65,Cliente
Empresa B,Empresa E,289.44,Empresa
Pedro,Maria,705.53,Cliente
Luis,Pedro,180.0,Cliente
Maria,Empresa A,626.23,Cliente
Luis,Maria,302.6,Cliente
Ana,Pedro,361.23,Cliente
Ana,Maria,134.7,Cliente
Empresa D,Juan,103.02,Empresa
Ana,Maria,345.05,Cliente
Maria,Empresa D,411.71,Cliente
Empresa A,Empresa D,513.77,Empresa
Pedro,Empresa E,473.41,Cliente
Empresa C,Ana,288.24,Empresa
Empresa A,Ana,380.69,Empresa
Empresa B,Maria,179.74,Empresa
Juan,Pedro,55.79,Cliente
Maria,Empresa E,791.92,Cliente
Empresa B,Ana,90.35,Empresa
Empresa D,Luis,455.79,Empresa
Ana,Pedro,483.65,Cliente
Pedro,Luis,717.67,Cliente
Empresa E,Pedro,165.09,Empresa
Empresa D,Pedro,296.3,Empresa
Empresa D,Pedro,523.49,Empresa
Empresa C,Empresa D,217.84,Empresa
Pedro,Pedro,412.16,Cliente
Empresa D,Luis,506.45,Empresa
Empresa C,Empresa B,5.72,Empresa
Empresa D,Pedro,804.93,Empresa
Juan,Empresa C,586.55,Cliente
Empresa C,Empresa D,690.76,Empresa
Juan,Juan,901.63,Cliente
Empresa B,Empresa A,23.59,Empresa
Empresa D,Empresa A,714.86,Empresa
Juan,Empresa E,564.56,Cliente
Pedro,Pedro,390.61,Cliente
Maria,Pedro,187.11,Cliente
Pedro,Empresa E,823.74,Cliente
Pedro,Empresa D,235.74,Cliente
Juan,Pedro,885.89,Cliente
Ana,Empresa A,962.58,Cliente
Maria,Empresa E,439.33,Cliente
Juan,Empresa D,570.38,Cliente
Empresa D,Empresa C,256.66,Empresa
Luis,Empresa D,553.95,Cliente
Empresa E,Empresa A,189.71,Empresa
Empresa A,Empresa B,930.76,Empresa
Empresa C,Empresa C,47.63,Empresa
Empresa B,Ana,999.75,Empresa
Luis,Empresa B,299.51,Cliente
Empresa A,Luis,339.26,Empresa
Pedro,Empresa A,833.9,Cliente
Ana,Juan,439.42,Cliente
Empresa D,Maria,510.5,Empresa
Maria,Juan,547.17,Cliente
Empresa C,Juan,52.04,Empresa
Empresa B,Maria,958.61,Empresa
Empresa E,Maria,118.62,Empresa
Empresa C,Maria,504.25,Empresa
Luis,Empresa A,625.83,Cliente
Luis,Luis,815.98,Cliente
Juan,Ana,542.1,Cliente
Ana,Empresa D,298.7,Cliente
Empresa B,Luis,722.53,Empresa
Empresa D,Luis,335.76,Empresa
Ana,Empresa B,647.09,Cliente
Luis,Luis,200.45,Cliente
Empresa B,Empresa E,33.16,Empresa
Pedro,Empresa E,595.54,Cliente
Ana,Empresa B,135.23,Cliente
Pedro,Luis,974.08,Cliente
Empresa B,Empresa C,773.32,Empresa
Empresa A,Maria,769.45,Empresa
Empresa D,Empresa E,906.41,Empresa
Empresa A,Empresa A,224.26,Empresa
Empresa B,Empresa A,502.09,Empresa
Juan,Empresa A,234.75,Cliente
Luis,Pedro,627.05,Cliente
Empresa A,Empresa C,508.25,Empresa
Empresa A,Empresa B,307.94,Empresa
Juan,Ana,328.44,Cliente
Empresa E,Juan,647.68,Empresa
Empresa D,Empresa A,417.3,Empresa
Empresa B,Juan,223.67,Empresa
Maria,Empresa A,915.89,Cliente
Pedro,Maria,217.37,Cliente
Empresa E,Empresa B,360.5,Empresa
Empresa E,Empresa C,61.84,Empresa
Empresa B,Juan,483.05,Empresa
Luis,Ana,706.45,Cliente
Ana,Juan,115.43,Cliente
Luis,Empresa C,942.94,Cliente
Pedro,Empresa D,279.49,Cliente
Empresa E,Juan,942.35,Empresa
Luis,Empresa D,123.06,Cliente
Luis,Luis,732.87,Cliente
Pedro,Luis,958.58,Cliente
Ana,Juan,735.37,Cliente
Juan,Empresa C,805.73,Cliente
Ana,Empresa A,590.82,Cliente
Empresa D,Ana,675.71,Empresa
Juan,Maria,388.31,Cliente
Luis,Empresa C,128.05,Cliente
Empresa C,Empresa A,669.13,Empresa
Empresa D,Empresa C,308.88,Empresa
Luis,Empresa B,733.71,Cliente
Empresa D,Pedro,562.81,Empresa
Ana,Pedro,557.04,Cliente
Pedro,Juan,432.77,Cliente
Ana,Luis,943.64,Cliente
Maria,Empresa D,155.7,Cliente
Maria,Empresa E,28.39,Cliente
Maria,Luis,453.38,Cliente
Maria,Empresa B,29.12,Cliente
Pedro,Juan,960.48,Cliente
Maria,Luis,969.3,Cliente
Maria,Empresa E,682.93,Cliente
Empresa E,Empresa C,875.66,Empresa
Luis,Empresa A,952.26,Cliente
Juan,Empresa A,448.13,Cliente
Ana,Juan,557.15,Cliente
Ana,Empresa A,509.89,Cliente
Juan,Ana,233.02,Cliente
Empresa D,Pedro,46.77,Empresa
Maria,Maria,139.54,Cliente
Empresa D,Luis,616.96,Empresa
Juan,Luis,442.89,Cliente
Maria,Empresa C,928.3,Cliente
Empresa B,Empresa E,717.05,Empresa
Empresa B,Empresa D,222.32,Empresa
Ana,Ana,409.71,Cliente
Empresa D,Empresa D,948.45,Empresa
Empresa A,Pedro,267.29,Empresa
Pedro,Empresa B,159.76,Cliente
Luis,Juan,975.87,Cliente
Maria,Empresa E,231.07,Cliente
Empresa E,Pedro,982.34,Empresa
Maria,Luis,824.19,Cliente
Empresa B,Empresa D,173.19,Empresa
Pedro,Maria,791.91,Cliente
Empresa D,Maria,105.28,Empresa
Juan,Empresa E,838.66,Cliente
Empresa A,Empresa E,627.23,Empresa
Pedro,Empresa C,694.35,Cliente
Pedro,Juan,160.65,Cliente
Empresa C,Pedro,684.06,Empresa
Juan,Empresa C,616.68,Cliente
Juan,Empresa C,454.18,Cliente
Empresa D,Empresa D,627.47,Empresa
Juan,Luis,123.83,Cliente
Empresa D,Ana,37.73,Empresa
Maria,Juan,4.78,Cliente
Empresa B,Juan,938.02,Empresa
Juan,Empresa E,518.77,Cliente
Juan,Empresa B,113.8,Cliente
Empresa C,Juan,940.2,Empresa
Empresa B,Luis,51.69,Empresa
Empresa E,Luis,360.33,Empresa
Empresa B,Maria,472.21,Empresa
Empresa C,Empresa C,386.67,Empresa
Empresa A,Luis,192.85,Empresa
Pedro,Empresa C,2.03,Cliente
Maria,Empresa C,3.7,Cliente
Luis,Empresa C,318.69,Cliente
Maria,Ana,712.96,Cliente
Ana,Empresa E,877.84,Cliente
Luis,Juan,214.71,Cliente
Empresa A,Empresa D,423.58,Empresa
Empresa D,Juan,104.64,Empresa
Pedro,Luis,963.34,Cliente
Empresa D,Pedro,702.17,Empresa
Maria,Juan,314.05,Cliente
Juan,Ana,733.98,Cliente
Empresa D,Ana,754.39,Empresa
Ana,Maria,103.19,Cliente
Empresa B,Empresa C,948.91,Empresa
Luis,Empresa B,576.07,Cliente
Juan,Luis,628.53,Cliente
Pedro,Luis,821.05,Cliente
Juan,Empresa E,113.21,Cliente
Empresa A,Empresa B,437.73,Empresa
Empresa C,Pedro,170.9,Empresa
Empresa B,Empresa C,330.61,Empresa
Empresa E,Empresa D,248.46,Empresa
Empresa D,Juan,566.0,Empresa
Maria,Juan,218.14,Cliente
Luis,Juan,435.08,Cliente
Empresa A,Empresa E,534.63,Empresa
Empresa A,Empresa C,820.15,Empresa
Empresa C,Empresa B,369.62,Empresa
Empresa B,Ana,311.98,Empresa
Empresa A,Juan,806.82,Empresa
Pedro,Luis,786.97,Cliente
Maria,Empresa C,498.63,Cliente
Empresa A,Empresa D,442.41,Empresa
Empresa B,Juan,882.09,Empresa
Empresa B,Pedro,479.05,Empresa
Pedro,Empresa A,588.05,Cliente
Ana,Juan,808.88,Cliente
Empresa C,Empresa C,763.95,Empresa
Empresa B,Luis,47.57,Empresa
Juan,Juan,203.96,Cliente
Empresa A,Empresa A,828.11,Empresa
Empresa B,Ana,197.82,Empresa
Empresa C,Empresa A,786.3,Empresa
Luis,Empresa E,95.13,Cliente
Empresa A,Maria,189.13,Empresa
Empresa E,Ana,837.05,Empresa
Luis,Empresa E,248.68,Cliente
Empresa A,Luis,180.44,Empresa
Pedro,Pedro,35.52,Cliente
Empresa B,Maria,238.82,Empresa
Maria,Juan,605.22,Cliente
Juan,Ana,702.58,Cliente
Luis,Pedro,421.14,Cliente
Pedro,Maria,768.78,Cliente
Maria,Juan,479.89,Cliente
Juan,Empresa E,907.06,Cliente
Luis,Empresa D,714.72,Cliente
Ana,Empresa A,500.37,Cliente
Empresa D,Maria,755.68,Empresa
Luis,Luis,388.72,Cliente
Empresa A,Luis,20.88,Empresa
Empresa A,Empresa D,614.46,Empresa
Juan,Maria,181.2,Cliente
Empresa C,Luis,1.14,Empresa
Empresa B,Empresa E,608.45,Empresa
Pedro,Empresa C,396.02,Cliente
Empresa E,Empresa A,844.21,Empresa
Ana,Pedro,428.94,Cliente
Luis,Empresa A,206.4,Cliente
Luis,Juan,130.72,Cliente
Empresa A,Ana,434.91,Empresa
Luis,Empresa B,213.85,Cliente
Empresa D,Empresa B,140.56,Empresa
Empresa A,Empresa D,882.31,Empresa
Pedro,Empresa C,143.31,Cliente
Luis,Empresa C,180.99,Cliente
Juan,Juan,112.85,Cliente
Empresa C,Pedro,545.66,Empresa
Ana,Maria,841.08,Cliente
Pedro,Ana,824.77,Cliente
Pedro,Luis,177.21,Cliente
Empresa D,Empresa E,929.98,Empresa
Ana,Pedro,663.33,Cliente
Luis,Empresa C,221.44,Cliente
Empresa B,Pedro,187.03,Empresa
Maria,Luis,414.53,Cliente
Maria,Empresa B,623.07,Cliente
Luis,Juan,360.81,Cliente
Empresa E,Maria,172.32,Empresa
Pedro,Empresa C,774.72,Cliente
Pedro,Maria,906.29,Cliente
Empresa C,Luis,150.79,Empresa
Luis,Empresa C,543.22,Cliente
Luis,Empresa C,413.0,Cliente
Juan,Ana,244.47,Cliente
Pedro,Maria,984.16,Cliente
Ana,Maria,950.84,Cliente
Empresa B,Empresa A,980.45,Empresa
Empresa C,Luis,76.84,Empresa
Empresa E,Empresa C,969.13,Empresa
Empresa B,Juan,805.13,Empresa
Empresa B,Empresa D,522.5,Empresa
Empresa A,Maria,960.5,Empresa
Empresa E,Empresa D,482.27,Empresa
Juan,Empresa D,427.88,Cliente
Maria,Empresa A,246.51,Cliente
Pedro,Empresa C,830.28,Cliente
Empresa E,Empresa D,989.85,Empresa
Ana,Juan,326.59,Cliente
Pedro,Pedro,926.79,Cliente
Luis,Luis,139.63,Cliente
Empresa A,Empresa C,693.64,Empresa
Maria,Pedro,79.15,Cliente
Pedro,Empresa E,842.0,Cliente
Luis,Pedro,655.25,Cliente
Ana,Empresa D,781.14,Cliente
Luis,Empresa E,389.99,Cliente
Ana,Empresa D,990.93,Cliente
Empresa B,Empresa C,613.37,Empresa
Empresa B,Juan,392.84,Empresa
Luis,Empresa B,302.3,Cliente
Empresa E,Empresa A,9.88,Empresa
Empresa D,Luis,800.11,Empresa
Juan,Juan,329.81,Cliente
Maria,Empresa D,479.99,Cliente
Juan,Maria,152.11,Cliente
Ana,Juan,524.46,Cliente
Pedro,Luis,487.67,Cliente
Empresa C,Empresa A,968.65,Empresa
Empresa E,Maria,147.43,Empresa
Luis,Ana,797.12,Cliente
Empresa A,Pedro,149.29,Empresa
Juan,Luis,297.6,Cliente
Empresa C,Luis,206.58,Empresa
Empresa A,Empresa E,400.37,Empresa
Empresa B,Empresa C,206.48,Empresa
Empresa D,Ana,936.71,Empresa
Empresa B,Maria,992.11,Empresa
Empresa A,Maria,425.64,Empresa
Empresa C,Ana,966.73,Empresa
Pedro,Luis,571.94,Cliente
Maria,Maria,571.78,Cliente
Empresa D,Empresa C,269.09,Empresa
Pedro,Juan,54.78,Cliente
Empresa A,Empresa A,859.87,Empresa
Ana,Empresa D,994.05,Cliente
Pedro,Empresa B,166.49,Cliente
Luis,Pedro,212.79,Cliente
Empresa D,Empresa A,440.53,Empresa
Maria,Empresa E,112.75,Cliente
Empresa D,Juan,342.54,Empresa
Empresa D,Luis,430.33,Empresa
Maria,Empresa A,520.95,Cliente
Empresa E,Empresa D,76.95,Empresa
Empresa C,Empresa B,444.06,Empresa
Empresa B,Maria,946.08,Empresa
Juan,Empresa D,393.02,Cliente
Luis,Pedro,765.85,Cliente
Pedro,Maria,552.66,Cliente
Empresa C,Empresa A,150.79,Empresa
Empresa A,Empresa B,534.12,Empresa
Pedro,Empresa E,5.15,Cliente
Empresa B,Empresa D,627.89,Empresa
Empresa C,Juan,3.22,Empresa
Empresa C,Juan,938.73,Empresa
Ana,Empresa B,221.57,Cliente
Luis,Empresa D,655.29,Cliente
Empresa C,Empresa C,3.72,Empresa
Luis,Maria,267.0,Cliente
Empresa C,Luis,48.42,Empresa
Pedro,Maria,522.43,Cliente
Empresa B,Luis,709.4,Empresa
Empresa B,Juan,831.08,Empresa
Empresa E,Empresa B,258.73,Empresa
Juan,Empresa D,201.98,Cliente
Pedro,Maria,785.6,Cliente
Empresa A,Empresa C,597.64,Empresa
Empresa B,Empresa E,405.32,Empresa
Luis,Empresa D,984.42,Cliente
Empresa E,Empresa C,887.52,Empresa
Ana,Pedro,12.28,Cliente
Juan,Empresa C,552.42,Cliente
Ana,Pedro,856.64,Cliente
Pedro,Pedro,68.36,Cliente
Pedro,Pedro,531.48,Cliente
Pedro,Pedro,977.82,Cliente
Empresa B,Empresa C,218.63,Empresa
Luis,Pedro,526.52,Cliente
Empresa D,Empresa C,367.42,Empresa
Maria,Empresa D,696.64,Cliente
Empresa E,Empresa B,302.54,Empresa
Pedro,Maria,29.36,Cliente
Empresa A,Juan,234.12,Empresa
Empresa A,Luis,457.87,Empresa
Empresa B,Empresa E,96.26,Empresa
Empresa B,Luis,414.03,Empresa
Maria,Empresa E,8.76,Cliente
Ana,Empresa D,83.26,Cliente
Luis,Empresa B,457.01,Cliente
Empresa C,Luis,4.71,Empresa
Pedro,Maria,104.86,Cliente
Empresa C,Maria,850.02,Empresa
Pedro,Pedro,720.44,Cliente
Empresa D,Empresa D,649.93,Empresa
Empresa A,Empresa B,911.77,Empresa
Empresa A,Empresa D,352.33,Empresa
Ana,Luis,495.76,Cliente
Pedro,Juan,473.4,Cliente
Maria,Maria,693.79,Cliente
Empresa C,Empresa E,455.91,Empresa
Empresa C,Empresa A,498.4,Empresa
Pedro,Maria,715.72,Cliente
Empresa C,Empresa D,217.44,Empresa
Empresa C,Empresa D,619.23,Empresa
Empresa C,Ana,454.5,Empresa
Empresa C,Luis,287.16,Empresa
Juan,Empresa E,733.32,Cliente
Empresa A,Ana,958.56,Empresa
Juan,Juan,346.96,Cliente
Empresa D,Pedro,710.15,Empresa
Empresa E,Ana,827.58,Empresa
Empresa B,Empresa B,940.71,Empresa
Empresa B,Maria,222.91,Empresa
Luis,Ana,312.83,Cliente
Empresa C,Empresa C,760.25,Empresa
Maria,Luis,604.87,Cliente
Empresa A,Empresa E,737.88,Empresa
Empresa E,Pedro,255.25,Empresa
Juan,Empresa C,894.51,Cliente
Empresa C,Empresa D,745.75,Empresa
Ana,Luis,493.53,Cliente
Pedro,Empresa B,463.85,Cliente
Maria,Empresa C,79.54,Cliente
Luis,Ana,607.11,Cliente
Empresa E,Empresa A,972.55,Empresa
Empresa B,Empresa B,635.93,Empresa
Luis,Pedro,517.53,Cliente
Empresa A,Pedro,199.48,Empresa
Luis,Empresa D,92.16,Cliente
Empresa C,Empresa C,164.45,Empresa
Empresa B,Empresa E,150.87,Empresa
Juan,Ana,599.83,Cliente
Empresa A,Empresa D,551.23,Empresa
Luis,Luis,850.89,Cliente
Empresa B,Juan,925.53,Empresa
Juan,Empresa D,345.3,Cliente
Maria,Empresa C,664.49,Cliente
Pedro,Juan,428.24,Cliente
Maria,Ana,819.66,Cliente
Luis,Empresa D,788.18,Cliente
Juan,Pedro,492.66,Cliente
Empresa D,Maria,433.08,Empresa
Maria,Maria,501.64,Cliente
Pedro,Empresa E,666.13,Cliente
Empresa D,Empresa E,290.55,Empresa
Empresa D,Maria,875.43,Empresa
Empresa D,Empresa C,592.22,Empresa
Maria,Maria,246.28,Cliente
Ana,Empresa E,603.8,Cliente
Maria,Empresa C,597.95,Cliente
Empresa C,Pedro,583.63,Empresa
Ana,Empresa B,175.6,Cliente
Luis,Luis,744.38,Cliente
Empresa C,Ana,196.91,Empresa
Empresa B,Luis,556.33,Empresa
Juan,Empresa C,721.82,Cliente
Empresa C,Empresa B,129.77,Empresa
Juan,Empresa D,141.49,Cliente
Empresa E,Empresa D,368.04,Empresa
Empresa E,Juan,182.11,Empresa
Empresa B,Empresa D,574.08,Empresa
Maria,Ana,262.22,Cliente
Juan,Empresa D,94.23,Cliente
Empresa B,Empresa B,302.38,Empresa
Empresa D,Pedro,958.23,Empresa
Empresa A,Empresa E,64.97,Empresa
Luis,Empresa C,541.57,Cliente
Empresa E,Empresa C,891.3,Empresa
Empresa E,Empresa C,514.11,Empresa
Maria,Empresa D,198.46,Cliente
Maria,Ana,354.62,Cliente
Ana,Empresa B,681.46,Cliente
Empresa A,Luis,525.36,Empresa
Juan,Juan,149.65,Cliente
Maria,Luis,885.35,Cliente
Empresa D,Empresa A,640.06,Empresa
Empresa D,Empresa D,387.2,Empresa
Empresa D,Empresa C,126.55,Empresa
Empresa B,Empresa A,358.12,Empresa
Ana,Empresa D,468.82,Cliente
Empresa A,Empresa A,328.85,Empresa
Pedro,Empresa E,719.1,Cliente
Empresa C,Empresa A,204.22,Empresa
Empresa B,Maria,698.95,Empresa
Juan,Empresa E,786.91,Cliente
Juan,Empresa B,649.93,Cliente
Juan,Empresa B,666.47,Cliente
Empresa A,Pedro,155.66,Empresa
Pedro,Empresa A,23.5,Cliente
Empresa E,Maria,696.5,Empresa
Empresa C,Empresa C,346.87,Empresa
Empresa D,Empresa A,121.08,Empresa
Pedro,Juan,363.51,Cliente
Empresa C,Luis,926.08,Empresa
Juan,Ana,570.42,Cliente
Empresa D,Empresa E,384.01,Empresa
Maria,Maria,845.57,Cliente
Maria,Empresa A,760.1,Cliente
Luis,Ana,995.17,Cliente
Empresa B,Juan,39.68,Empresa
Juan,Pedro,105.47,Cliente
Pedro,Juan,257.35,Cliente
Empresa D,Juan,442.45,Empresa
Maria,Empresa A,447.66,Cliente
Empresa D,Empresa D,295.28,Empresa
Empresa D,Juan,88.59,Empresa
Empresa D,Juan,910.2,Empresa
Empresa D,Empresa C,474.39,Empresa
Luis,Pedro,690.39,Cliente
Empresa E,Empresa D,607.36,Empresa
Empresa C,Pedro,348.17,Empresa
Maria,Juan,6.93,Cliente
Maria,Empresa B,450.52,Cliente
Pedro,Pedro,760.16,Cliente
Juan,Maria,577.68,Cliente
Empresa E,Pedro,847.04,Empresa
Ana,Pedro,109.1,Cliente
Empresa C,Ana,903.0,Empresa
Empresa C,Maria,364.12,Empresa
Ana,Ana,590.93,Cliente
Empresa E,Empresa C,442.1,Empresa
Empresa B,Juan,355.37,Empresa
Empresa A,Empresa A,838.66,Empresa
Empresa B,Empresa D,442.78,Empresa
Pedro,Luis,862.53,Cliente
Empresa D,Luis,297.18,Empresa
Empresa A,Maria,582.87,Empresa
Maria,Empresa E,121.94,Cliente
Luis,Empresa E,6.34,Cliente
Juan,Empresa C,341.52,Cliente
Maria,Pedro,196.09,Cliente
Luis,Empresa D,860.1,Cliente
Juan,Luis,752.47,Cliente
Empresa E,Luis,225.43,Empresa
Maria,Empresa D,459.35,Cliente
Empresa B,Juan,764.12,Empresa
Empresa E,Maria,691.1,Empresa
Luis,Juan,525.57,Cliente
Empresa A,Empresa E,896.94,Empresa
Pedro,Empresa E,437.75,Cliente
Maria,Maria,827.66,Cliente
Empresa B,Empresa D,965.13,Empresa
Empresa E,Empresa C,696.0,Empresa
Empresa E,Luis,597.39,Empresa
Empresa D,Pedro,844.87,Empresa
Empresa C,Empresa C,603.78,Empresa
Empresa E,Ana,600.88,Empresa
Empresa A,Pedro,978.09,Empresa
Maria,Maria,192.39,Cliente
Empresa C,Luis,395.35,Empresa
Empresa E,Empresa B,622.9,Empresa
Empresa B,Maria,898.26,Empresa
Luis,Pedro,275.66,Cliente
Empresa B,Luis,380.52,Empresa
Maria,Empresa C,522.21,Cliente
Empresa B,Luis,857.08,Empresa
Ana,Empresa D,469.4,Cliente
Empresa A,Empresa A,544.65,Empresa
Ana,Empresa B,762.78,Cliente
Empresa B,Pedro,532.03,Empresa
Empresa D,Empresa A,202.5,Empresa
Empresa C,Pedro,958.14,Empresa
Ana,Empresa A,772.75,Cliente
Empresa B,Juan,516.71,Empresa
Ana,Empresa B,186.51,Cliente
Juan,Maria,32.69,Cliente
Empresa E,Pedro,170.4,Empresa
Empresa E,Empresa B,582.97,Empresa
Ana,Empresa C,656.72,Cliente
Ana,Juan,569.82,Cliente
Empresa B,Empresa D,627.24,Empresa
Empresa D,Juan,170.43,Empresa
Empresa B,Empresa E,575.26,Empresa
Pedro,Pedro,493.52,Cliente
Empresa E,Empresa E,240.74,Empresa
Empresa D,Empresa D,136.11,Empresa
Luis,Juan,95.88,Cliente
Maria,Empresa D,866.66,Cliente
Maria,Empresa E,952.99,Cliente
Maria,Pedro,318.86,Cliente
Empresa B,Maria,340.92,Empresa
Empresa C,Luis,58.06,Empresa
Pedro,Empresa B,581.09,Cliente
Ana,Empresa D,598.18,Cliente
Empresa B,Pedro,323.12,Empresa
Pedro,Empresa C,294.86,Cliente
Ana,Juan,392.6,Cliente
Empresa C,Empresa D,617.37,Empresa
Ana,Empresa E,958.08,Cliente
Juan,Pedro,621.03,Cliente
Maria,Maria,72.24,Cliente
Luis,Empresa E,83.48,Cliente
Juan,Pedro,435.2,Cliente
Empresa C,Pedro,235.87,Empresa
Empresa E,Juan,657.82,Empresa
Empresa C,Ana,413.23,Empresa
Ana,Luis,204.61,Cliente
Empresa E,Empresa D,874.75,Empresa
Empresa C,Ana,516.65,Empresa
Juan,Empresa E,3.51,Cliente
Empresa A,Pedro,832.97,Empresa
Empresa C,Pedro,625.82,Empresa
Empresa B,Juan,7.83,Empresa
Luis,Empresa B,284.54,Cliente
Empresa C,Empresa A,340.42,Empresa
Maria,Pedro,453.91,Cliente
Pedro,Maria,284.55,Cliente
Ana,Ana,885.83,Cliente
Pedro,Maria,348.14,Cliente
Empresa D,Empresa D,21.09,Empresa
Maria,Empresa C,408.71,Cliente
Juan,Empresa B,68.78,Cliente
Empresa C,Pedro,432.17,Empresa
Juan,Empresa B,511.53,Cliente
Luis,Empresa D,462.51,Cliente
Empresa A,Ana,794.91,Empresa
Empresa B,Empresa A,367.39,Empresa
Juan,Empresa C,749.04,Cliente
Maria,Empresa A,430.79,Cliente
Juan,Empresa E,113.05,Cliente
Maria,Empresa C,818.99,Cliente
Empresa A,Empresa B,187.39,Empresa
Empresa A,Empresa E,795.91,Empresa
Ana,Juan,710.32,Cliente
Luis,Empresa B,305.69,Cliente
Empresa E,Luis,294.07,Empresa
Pedro,Juan,12.11,Cliente
Empresa C,Ana,569.41,Empresa
Maria,Luis,59.9,Cliente
Empresa A,Empresa B,39.33,Empresa
Juan,Empresa E,23.42,Cliente
Empresa D,Ana,188.97,Empresa
Empresa C,Empresa D,192.33,Empresa
Empresa B,Empresa A,916.71,Empresa
Luis,Empresa B,593.58,Cliente
Empresa E,Empresa B,378.07,Empresa
Empresa A,Empresa A,113.91,Empresa
Empresa A,Pedro,161.33,Empresa
Empresa B,Maria,21.37,Empresa
Pedro,Empresa A,977.1,Cliente
Empresa C,Pedro,410.78,Empresa
Juan,Maria,184.46,Cliente
Maria,Ana,169.38,Cliente
Empresa C,Ana,798.32,Empresa
Empresa A,Empresa D,556.55,Empresa
